Workbook

Sheet Trade Data
A1: Year | B1: Trading Partner | C1: Product Category | D1: Exports (USD Mn) | E1: Imports (USD Mn)
A2: 2020 | B2: USA | C2: Pharmaceuticals | D2: 262 | E2: 197.5
A3: 2020 | B3: USA | C3: Textiles & Apparel | D3: 668.1 | E3: 578.4
A4: 2020 | B4: USA | C4: Agricultural Products | D4: 805.1 | E4: 83
A5: 2020 | B5: UAE | C5: Electronics | D5: 102.5 | E5: 205.4
A6: 2020 | B6: UAE | C6: Textiles & Apparel | D6: 549.8 | E6: 481.4
A7: 2020 | B7: UAE | C7: Chemicals | D7: 650.1 | E7: 599.1
A8: 2020 | B8: China | C8: Electronics | D8: 538.6 | E8: 689.9
A9: 2020 | B9: China | C9: Pharmaceuticals | D9: 25.7 | E9: 686.9
A10: 2020 | B10: China | C10: Petroleum Products | D10: 634.4 | E10: 295.8
A11: 2020 | B11: Germany | C11: Engineering Goods | D11: 109.9 | E11: 329.1
A12: 2020 | B12: Germany | C12: Pharmaceuticals | D12: 335.9 | E12: 298.9
A13: 2020 | B13: Germany | C13: Chemicals | D13: 252.8 | E13: 46.5
... A151: 2024 | B151: Vietnam | C151: Agricultural Products | D151: 169.3 | E151: 81.2
A154: Note: Illustrative sample dataset built to mirror the structure and scale of India's public export-import trade statistics (Ministry of Commerce & Industry / DGFT trade data portal, https://tradestat.commerce.gov.in), for portfolio demonstration purposes.

Sheet Analysis
A1: India Export-Import Trade Analysis — Category Summary (All Years)
A3: Product Category | B3: Total Exports (USD Mn) | C3: Total Imports (USD Mn) | D3: Trade Balance (USD Mn) | E3: Top Trading Partner | F3: Top Partner Exports (USD Mn) | G3: Status
A4: Textiles & Apparel | B4: =SUMIFS('Trade Data'!$D$2:$D$151,'Trade Data'!$C$2:$C$151,A4) -> 7123.5 | C4: =SUMIFS('Trade Data'!$E$2:$E$151,'Trade Data'!$C$2:$C$151,A4) -> 6089.7 | D4: =B4-C4 -> 1033.8 | E4: =INDEX('Trade Data'!$B$2:$B$151,MATCH(1,('Trade Data'!$C$2:$C$151=A4)*('Trade Data'!$D$2:$D$151=F4),0)) -> China | F4: =_xlfn.MAXIFS('Trade Data'!$D$2:$D$151,'Trade Data'!$C$2:$C$151,A4) -> 886.1 | G4: =IF(D4<0,"Deficit","Surplus") -> Surplus
A5: Pharmaceuticals | B5: =SUMIFS('Trade Data'!$D$2:$D$151,'Trade Data'!$C$2:$C$151,A5) -> 7593.7 | C5: =SUMIFS('Trade Data'!$E$2:$E$151,'Trade Data'!$C$2:$C$151,A5) -> 8191.3 | D5: =B5-C5 -> -597.6 | E5: =INDEX('Trade Data'!$B$2:$B$151,MATCH(1,('Trade Data'!$C$2:$C$151=A5)*('Trade Data'!$D$2:$D$151=F5),0)) -> UK | F5: =_xlfn.MAXIFS('Trade Data'!$D$2:$D$151,'Trade Data'!$C$2:$C$151,A5) -> 899.4 | G5: =IF(D5<0,"Deficit","Surplus") -> Deficit
A6: Engineering Goods | B6: =SUMIFS('Trade Data'!$D$2:$D$151,'Trade Data'!$C$2:$C$151,A6) -> 7051.2 | C6: =SUMIFS('Trade Data'!$E$2:$E$151,'Trade Data'!$C$2:$C$151,A6) -> 6693.4 | D6: =B6-C6 -> 357.8 | E6: =INDEX('Trade Data'!$B$2:$B$151,MATCH(1,('Trade Data'!$C$2:$C$151=A6)*('Trade Data'!$D$2:$D$151=F6),0)) -> Vietnam | F6: =_xlfn.MAXIFS('Trade Data'!$D$2:$D$151,'Trade Data'!$C$2:$C$151,A6) -> 879.1 | G6: =IF(D6<0,"Deficit","Surplus") -> Surplus
A7: Petroleum Products | B7: =SUMIFS('Trade Data'!$D$2:$D$151,'Trade Data'!$C$2:$C$151,A7) -> 7613.2 | C7: =SUMIFS('Trade Data'!$E$2:$E$151,'Trade Data'!$C$2:$C$151,A7) -> 8158.5 | D7: =B7-C7 -> -545.3 | E7: =INDEX('Trade Data'!$B$2:$B$151,MATCH(1,('Trade Data'!$C$2:$C$151=A7)*('Trade Data'!$D$2:$D$151=F7),0)) -> Vietnam | F7: =_xlfn.MAXIFS('Trade Data'!$D$2:$D$151,'Trade Data'!$C$2:$C$151,A7) -> 813 | G7: =IF(D7<0,"Deficit","Surplus") -> Deficit
A8: Gems & Jewellery | B8: =SUMIFS('Trade Data'!$D$2:$D$151,'Trade Data'!$C$2:$C$151,A8) -> 6635.7 | C8: =SUMIFS('Trade Data'!$E$2:$E$151,'Trade Data'!$C$2:$C$151,A8) -> 8010.4 | D8: =B8-C8 -> -1374.7 | E8: =INDEX('Trade Data'!$B$2:$B$151,MATCH(1,('Trade Data'!$C$2:$C$151=A8)*('Trade Data'!$D$2:$D$151=F8),0)) -> Saudi Arabia | F8: =_xlfn.MAXIFS('Trade Data'!$D$2:$D$151,'Trade Data'!$C$2:$C$151,A8) -> 754 | G8: =IF(D8<0,"Deficit","Surplus") -> Deficit
A9: Agricultural Products | B9: =SUMIFS('Trade Data'!$D$2:$D$151,'Trade Data'!$C$2:$C$151,A9) -> 11468.4 | C9: =SUMIFS('Trade Data'!$E$2:$E$151,'Trade Data'!$C$2:$C$151,A9) -> 8974.2 | D9: =B9-C9 -> 2494.2 | E9: =INDEX('Trade Data'!$B$2:$B$151,MATCH(1,('Trade Data'!$C$2:$C$151=A9)*('Trade Data'!$D$2:$D$151=F9),0)) -> Singapore | F9: =_xlfn.MAXIFS('Trade Data'!$D$2:$D$151,'Trade Data'!$C$2:$C$151,A9) -> 890.8 | G9: =IF(D9<0,"Deficit","Surplus") -> Surplus
A10: Electronics | B10: =SUMIFS('Trade Data'!$D$2:$D$151,'Trade Data'!$C$2:$C$151,A10) -> 9441.9 | C10: =SUMIFS('Trade Data'!$E$2:$E$151,'Trade Data'!$C$2:$C$151,A10) -> 6647.2 | D10: =B10-C10 -> 2794.7 | E10: =INDEX('Trade Data'!$B$2:$B$151,MATCH(1,('Trade Data'!$C$2:$C$151=A10)*('Trade Data'!$D$2:$D$151=F10),0)) -> China | F10: =_xlfn.MAXIFS('Trade Data'!$D$2:$D$151,'Trade Data'!$C$2:$C$151,A10) -> 888.8 | G10: =IF(D10<0,"Deficit","Surplus") -> Surplus
A11: Chemicals | B11: =SUMIFS('Trade Data'!$D$2:$D$151,'Trade Data'!$C$2:$C$151,A11) -> 9666.9 | C11: =SUMIFS('Trade Data'!$E$2:$E$151,'Trade Data'!$C$2:$C$151,A11) -> 9357.7 | D11: =B11-C11 -> 309.2 | E11: =INDEX('Trade Data'!$B$2:$B$151,MATCH(1,('Trade Data'!$C$2:$C$151=A11)*('Trade Data'!$D$2:$D$151=F11),0)) -> UAE | F11: =_xlfn.MAXIFS('Trade Data'!$D$2:$D$151,'Trade Data'!$C$2:$C$151,A11) -> 896.6 | G11: =IF(D11<0,"Deficit","Surplus") -> Surplus

Sheet Dashboard
A1: Trade Balance by Product Category
